{
    "web":{
        "client_id":"2264639882-i19u9ima6ened2nakfqqpjrm3cnab6of.apps.googleusercontent.com",
        "project_id":"jojo-89874",
        "auth_uri":"https://accounts.google.com/o/oauth2/auth",
        "token_uri":"https://oauth2.googleapis.com/token",
        "auth_provider_x509_cert_url":"https://www.googleapis.com/oauth2/v1/certs",
        "client_secret":"hJzCeUoueheERJt8eI3b4KUk",
        "redirect_uris":[
            "https://developers.google.com/oauthplayground/"
            ]
            }
        }