[
  {
    "id": "21241c04-e775-4631-9d17-ae2e839566b7",
    "data": [
      {
        "text": "sıkıl",
        "userDefined": false
      }
    ],
    "isTemplate": false,
    "count": 0
  },
  {
    "id": "29aea8f8-9cb4-42ef-abe2-48cfaa2fd168",
    "data": [
      {
        "text": "damn",
        "userDefined": false
      }
    ],
    "isTemplate": false,
    "count": 0
  },
  {
    "id": "3b29a89d-d696-416e-8d9f-869ca46d29f3",
    "data": [
      {
        "text": "lanet",
        "userDefined": false
      }
    ],
    "isTemplate": false,
    "count": 0
  },
  {
    "id": "ca026cc3-3e55-4550-b533-46bea0355db7",
    "data": [
      {
        "text": "sıkıldım",
        "userDefined": false
      }
    ],
    "isTemplate": false,
    "count": 0
  },
  {
    "id": "0052c85f-6475-49a7-90c2-3f0f80426d01",
    "data": [
      {
        "text": "kötü ya",
        "userDefined": false
      }
    ],
    "isTemplate": false,
    "count": 2,
    "updated": 0
  },
  {
    "id": "5fe2f2e9-f0c6-4032-bb5c-b7e317fc13a5",
    "data": [
      {
        "text": "bitik",
        "userDefined": false
      }
    ],
    "isTemplate": false,
    "count": 0
  },
  {
    "id": "38ba766c-3a57-41fd-9bf9-3ced0a2ca4d7",
    "data": [
      {
        "text": "yıkık",
        "userDefined": false
      }
    ],
    "isTemplate": false,
    "count": 0
  },
  {
    "id": "13040a4d-3ee3-4876-85a2-2e2f03dbf4fb",
    "data": [
      {
        "text": "depresyon",
        "userDefined": false
      }
    ],
    "isTemplate": false,
    "count": 0
  },
  {
    "id": "615060cf-58b1-4e86-90cc-a8b97f4668f4",
    "data": [
      {
        "text": "bunalım",
        "userDefined": false
      }
    ],
    "isTemplate": false,
    "count": 0
  },
  {
    "id": "925845a4-d290-4b45-951a-f2f813f5b888",
    "data": [
      {
        "text": "rezalet",
        "userDefined": false
      }
    ],
    "isTemplate": false,
    "count": 0
  },
  {
    "id": "c931ec6b-6445-4aa4-b6ce-efec5735f620",
    "data": [
      {
        "text": "rezil",
        "userDefined": false
      }
    ],
    "isTemplate": false,
    "count": 0
  },
  {
    "id": "64c2d239-f7fe-42c9-9fa3-147ec864c3d5",
    "data": [
      {
        "text": "berbat",
        "userDefined": false
      }
    ],
    "isTemplate": false,
    "count": 0
  },
  {
    "id": "1b7f9ae4-d107-4b22-ab12-b4143c5c75ab",
    "data": [
      {
        "text": "kötü",
        "userDefined": false
      }
    ],
    "isTemplate": false,
    "count": 0
  }
]