[
  {
    "id": "26f50958-e86e-4230-9e61-e3298d0ce325",
    "data": [
      {
        "text": "Eba nerede",
        "userDefined": false
      }
    ],
    "isTemplate": false,
    "count": 0,
    "updated": 0
  },
  {
    "id": "2bce7500-763d-4d72-9dd8-ab29314f73b4",
    "data": [
      {
        "text": "eba",
        "userDefined": false
      }
    ],
    "isTemplate": false,
    "count": 1
  },
  {
    "id": "65f6d838-e0d4-4183-ad93-b5f3111edc47",
    "data": [
      {
        "text": "eBA.Net",
        "userDefined": false
      }
    ],
    "isTemplate": false,
    "count": 0
  }
]