[
  {
    "id": "50622026-99c3-4db5-b37a-0fe86585b916",
    "data": [
      {
        "text": "peki",
        "userDefined": false
      }
    ],
    "isTemplate": false,
    "count": 0
  },
  {
    "id": "ee801c9f-52a6-4179-8c93-828e0248832e",
    "data": [
      {
        "text": "yes",
        "userDefined": false
      }
    ],
    "isTemplate": false,
    "count": 0
  },
  {
    "id": "c92d1d6f-d1fd-4750-9a52-db8745597140",
    "data": [
      {
        "text": "olur",
        "userDefined": false
      }
    ],
    "isTemplate": false,
    "count": 0
  },
  {
    "id": "de729b7d-1bf2-4fb9-8abe-b3ff2b14dee8",
    "data": [
      {
        "text": "tamam",
        "userDefined": false
      }
    ],
    "isTemplate": false,
    "count": 0
  },
  {
    "id": "82e62464-6e38-41c7-89ca-89d4692b1d3c",
    "data": [
      {
        "text": "tamma",
        "userDefined": false
      }
    ],
    "isTemplate": false,
    "count": 0
  },
  {
    "id": "34b5a83d-6d83-43ff-9c41-8ee6644f11bd",
    "data": [
      {
        "text": "okey",
        "userDefined": false
      }
    ],
    "isTemplate": false,
    "count": 0
  },
  {
    "id": "72928c5c-9ec6-4dfe-9cc9-3ac57a677726",
    "data": [
      {
        "text": "Evet",
        "userDefined": false
      }
    ],
    "isTemplate": false,
    "count": 0
  }
]