[
  {
    "id": "0fb81453-e018-449e-8397-69647f397871",
    "data": [
      {
        "text": "hrwebe nasıl giricem",
        "userDefined": false
      }
    ],
    "isTemplate": false,
    "count": 1,
    "updated": 0
  },
  {
    "id": "2659b0bf-a1a3-4010-a977-13590e0abbb2",
    "data": [
      {
        "text": "hrweb in adresi nedir",
        "userDefined": false
      }
    ],
    "isTemplate": false,
    "count": 1,
    "updated": 0
  },
  {
    "id": "0cd5fce3-d81e-47ec-9a19-5e40183fe23d",
    "data": [
      {
        "text": "hr web",
        "userDefined": false
      }
    ],
    "isTemplate": false,
    "count": 1
  },
  {
    "id": "12078331-5e54-4d7b-9d4e-b1634ee91d0c",
    "data": [
      {
        "text": "Hr web nerede",
        "userDefined": false
      }
    ],
    "isTemplate": false,
    "count": 0,
    "updated": 0
  },
  {
    "id": "b4794e10-0d08-4908-ae21-8c7d2f74a3fa",
    "data": [
      {
        "text": "hr giriş",
        "userDefined": false
      }
    ],
    "isTemplate": false,
    "count": 0
  },
  {
    "id": "4f509402-f61e-48ff-86e3-c215a2ac3926",
    "data": [
      {
        "text": "hr portal",
        "userDefined": false
      }
    ],
    "isTemplate": false,
    "count": 0
  },
  {
    "id": "b6cc9cd4-da1d-4658-82c8-b2f2269bb506",
    "data": [
      {
        "text": "ik web",
        "userDefined": false
      }
    ],
    "isTemplate": false,
    "count": 0
  }
]