[
  {
    "id": "58f46d98-2f26-4e98-b904-ff082411bb49",
    "data": [
      {
        "text": "vaaay",
        "userDefined": false
      }
    ],
    "isTemplate": false,
    "count": 0,
    "updated": 0
  },
  {
    "id": "775bd2f8-c477-43c0-affe-9fc588a83b74",
    "data": [
      {
        "text": "şekilsin hee",
        "userDefined": false
      }
    ],
    "isTemplate": false,
    "count": 0,
    "updated": 0
  },
  {
    "id": "46d137a9-dfff-427c-8518-c6aad47e8424",
    "data": [
      {
        "text": "komik",
        "userDefined": false
      }
    ],
    "isTemplate": false,
    "count": 0,
    "updated": 0
  },
  {
    "id": "3a25a313-d599-4e1f-98ce-651c9066b5a2",
    "data": [
      {
        "text": "tatlı şey",
        "userDefined": false
      }
    ],
    "isTemplate": false,
    "count": 0
  },
  {
    "id": "3452a47e-78d5-46ec-ba54-8cb0ddc7e0ab",
    "data": [
      {
        "text": "ne tatli seysin",
        "userDefined": false
      }
    ],
    "isTemplate": false,
    "count": 0
  },
  {
    "id": "732ee3c1-19a2-4fcd-b46c-7e31d7c541f1",
    "data": [
      {
        "text": "ne tatlı şeysin",
        "userDefined": false
      }
    ],
    "isTemplate": false,
    "count": 0
  },
  {
    "id": "ae4c8282-8d99-4794-aa85-694f73c3f8dc",
    "data": [
      {
        "text": "muah",
        "userDefined": false
      }
    ],
    "isTemplate": false,
    "count": 0
  },
  {
    "id": "1c18bdbf-3565-4cb1-b7fa-0c0512058b2d",
    "data": [
      {
        "text": "mucuk",
        "userDefined": false
      }
    ],
    "isTemplate": false,
    "count": 0
  },
  {
    "id": "e7bf3da9-eab4-425f-bfa3-a83b3b7794a5",
    "data": [
      {
        "text": "öptüm",
        "userDefined": false
      }
    ],
    "isTemplate": false,
    "count": 0
  },
  {
    "id": "baaf3ade-0af1-45bd-9476-f71f01b0e960",
    "data": [
      {
        "text": "öpüyorum",
        "userDefined": false
      }
    ],
    "isTemplate": false,
    "count": 0
  },
  {
    "id": "1d86bb26-9585-41fd-8a7e-1f2e0803df31",
    "data": [
      {
        "text": "Supermis valla",
        "userDefined": false
      }
    ],
    "isTemplate": false,
    "count": 0,
    "updated": 0
  },
  {
    "id": "73ab4422-5275-4772-b2d9-de165c29efbc",
    "data": [
      {
        "text": "harikasın",
        "userDefined": false
      }
    ],
    "isTemplate": false,
    "count": 1,
    "updated": 0
  },
  {
    "id": "b1f2c56e-4bc9-4257-9080-8a603ca3c371",
    "data": [
      {
        "text": "Harikasın Jojo!!",
        "userDefined": false
      }
    ],
    "isTemplate": false,
    "count": 0,
    "updated": 0
  },
  {
    "id": "51d9dc80-21cb-4817-9db2-c5362f2c865f",
    "data": [
      {
        "text": "bebeğim",
        "userDefined": false
      }
    ],
    "isTemplate": false,
    "count": 0
  },
  {
    "id": "03ad4c61-51c1-49c7-8248-71b643c76f4c",
    "data": [
      {
        "text": "canım",
        "userDefined": false
      }
    ],
    "isTemplate": false,
    "count": 0
  },
  {
    "id": "4ececd52-6d23-4349-b0b5-bde0f763ee8e",
    "data": [
      {
        "text": "kral",
        "userDefined": false
      }
    ],
    "isTemplate": false,
    "count": 0
  },
  {
    "id": "0fde5023-477f-4c1a-8130-c07c248834d2",
    "data": [
      {
        "text": "helal",
        "userDefined": false
      }
    ],
    "isTemplate": false,
    "count": 0
  },
  {
    "id": "6962094c-eb0a-4683-8203-7de34ea6239c",
    "data": [
      {
        "text": "sevdim",
        "userDefined": false
      }
    ],
    "isTemplate": false,
    "count": 0
  },
  {
    "id": "c49a8155-2ff4-4473-b5f5-bd349dd42632",
    "data": [
      {
        "text": "aferin",
        "userDefined": false
      }
    ],
    "isTemplate": false,
    "count": 0,
    "updated": 0
  },
  {
    "id": "12e1566e-b438-4ae2-b1d4-121b1605d49b",
    "data": [
      {
        "text": "helal diyom",
        "userDefined": false
      }
    ],
    "isTemplate": false,
    "count": 0,
    "updated": 0
  },
  {
    "id": "1887004f-6642-4376-8dfc-e8c7d5c32f56",
    "data": [
      {
        "text": "sonunda ve",
        "userDefined": false
      }
    ],
    "isTemplate": false,
    "count": 0,
    "updated": 0
  },
  {
    "id": "8e01b8b0-b186-415d-a387-3d02971baa63",
    "data": [
      {
        "text": "I love you",
        "userDefined": false
      }
    ],
    "isTemplate": false,
    "count": 0,
    "updated": 0
  },
  {
    "id": "572406b6-6c62-47e9-96f4-ad5a71de6b1f",
    "data": [
      {
        "text": "aşkım",
        "userDefined": false
      }
    ],
    "isTemplate": false,
    "count": 0,
    "updated": 0
  },
  {
    "id": "80c8426e-f4e6-41c4-87a0-4d679b5e8e01",
    "data": [
      {
        "text": "sağol canım",
        "userDefined": false
      }
    ],
    "isTemplate": false,
    "count": 0,
    "updated": 0
  },
  {
    "id": "ebe38211-bde1-4c8d-822b-1e5e47e08859",
    "data": [
      {
        "text": "seni yerim",
        "userDefined": false
      }
    ],
    "isTemplate": false,
    "count": 0,
    "updated": 0
  },
  {
    "id": "32f03b62-551b-4dc1-a3d9-df45f439a1e0",
    "data": [
      {
        "text": "aslan",
        "userDefined": false
      }
    ],
    "isTemplate": false,
    "count": 0,
    "updated": 0
  },
  {
    "id": "c1e01664-46b4-43e4-ab81-fabfb49602af",
    "data": [
      {
        "text": "canımsın",
        "userDefined": false
      }
    ],
    "isTemplate": false,
    "count": 0,
    "updated": 0
  },
  {
    "id": "d304cde8-1a6e-4930-8de0-cc55de3c6dfc",
    "data": [
      {
        "text": "süper",
        "userDefined": false
      }
    ],
    "isTemplate": false,
    "count": 1,
    "updated": 0
  },
  {
    "id": "c1815a8f-cf9b-46fe-bf56-b619b84b739f",
    "data": [
      {
        "text": "çok sevindim",
        "userDefined": false
      }
    ],
    "isTemplate": false,
    "count": 1,
    "updated": 0
  },
  {
    "id": "c4a59484-392b-471a-a9f4-22ba42ed225e",
    "data": [
      {
        "text": "oooo krall",
        "userDefined": false
      }
    ],
    "isTemplate": false,
    "count": 4,
    "updated": 0
  },
  {
    "id": "36ee3064-b72b-404d-a5e7-ad87e4c0ca59",
    "data": [
      {
        "text": "sen var ya adamsın",
        "userDefined": false
      }
    ],
    "isTemplate": false,
    "count": 1,
    "updated": 0
  },
  {
    "id": "26413949-1507-4c0b-b676-d857a3cda53f",
    "data": [
      {
        "text": "seni seviyorum",
        "userDefined": false
      }
    ],
    "isTemplate": false,
    "count": 4,
    "updated": 0
  },
  {
    "id": "6ddea3eb-02c7-4272-b103-ffd06ba3aa5b",
    "data": [
      {
        "text": "çok güzel",
        "userDefined": false
      }
    ],
    "isTemplate": false,
    "count": 3,
    "updated": 0
  },
  {
    "id": "21a22a6f-f721-431b-a035-0fee688e7122",
    "data": [
      {
        "text": "çok hoş",
        "userDefined": false
      }
    ],
    "isTemplate": false,
    "count": 3,
    "updated": 0
  },
  {
    "id": "bd7c5970-7142-4587-b4f7-e85f965ebfcd",
    "data": [
      {
        "text": "seni tanıdığıma sevindim",
        "userDefined": false
      }
    ],
    "isTemplate": false,
    "count": 0,
    "updated": 0
  }
]