[
  {
    "id": "58594ee2-6f9a-4df3-97e3-9399f1e5f4a0",
    "data": [
      {
        "text": "Keep Online Eğitim",
        "userDefined": false
      }
    ],
    "isTemplate": false,
    "count": 0
  },
  {
    "id": "f764bee7-f06f-4716-a6a5-9d4c6fda491a",
    "data": [
      {
        "text": "eğitim platformu",
        "userDefined": false
      }
    ],
    "isTemplate": false,
    "count": 0
  },
  {
    "id": "cbcfa98a-1753-4c50-a911-364bee03c152",
    "data": [
      {
        "text": "online eğitim",
        "userDefined": false
      }
    ],
    "isTemplate": false,
    "count": 0
  },
  {
    "id": "90dd22ea-3122-4ac0-9743-8f016947662c",
    "data": [
      {
        "text": "Keep",
        "userDefined": false
      }
    ],
    "isTemplate": false,
    "count": 0
  }
]