[
  {
    "id": "bace7667-11e8-4437-99b5-9c276b75073b",
    "data": [
      {
        "text": "ben de ",
        "userDefined": false
      },
      {
        "text": "Aziz",
        "alias": "ad",
        "meta": "@sys.given-name",
        "userDefined": true
      }
    ],
    "isTemplate": false,
    "count": 0
  },
  {
    "id": "9bc55a73-5602-4163-8a8a-d0dfeb73e642",
    "data": [
      {
        "text": "adım ",
        "userDefined": false
      },
      {
        "text": "Aziz",
        "alias": "ad",
        "meta": "@sys.given-name",
        "userDefined": true
      }
    ],
    "isTemplate": false,
    "count": 2,
    "updated": 0
  },
  {
    "id": "673b2351-91a3-4080-8d56-e11fe8556842",
    "data": [
      {
        "text": "benim adım ",
        "userDefined": false
      },
      {
        "text": "Aziz",
        "alias": "ad",
        "meta": "@sys.given-name",
        "userDefined": true
      }
    ],
    "isTemplate": false,
    "count": 1,
    "updated": 0
  },
  {
    "id": "7ffd1c89-39e1-407e-9dc6-6ab7c4eea857",
    "data": [
      {
        "text": "Ben ",
        "userDefined": false
      },
      {
        "text": "Aziz",
        "alias": "ad",
        "meta": "@sys.given-name",
        "userDefined": true
      }
    ],
    "isTemplate": false,
    "count": 1,
    "updated": 0
  }
]