[
  {
    "id": "8b1cf9ab-8cb6-483c-9a0d-47916fa24cdb",
    "data": [
      {
        "text": "Kim Kimdir?",
        "userDefined": false
      }
    ],
    "isTemplate": false,
    "count": 0,
    "updated": 0
  },
  {
    "id": "9577ab44-279c-4972-9791-54a35ac0c1ee",
    "data": [
      {
        "text": "Aziz kimdir",
        "userDefined": false
      }
    ],
    "isTemplate": false,
    "count": 1,
    "updated": 0
  },
  {
    "id": "998de34a-0eb5-4552-88bf-793d64f5bffd",
    "data": [
      {
        "text": "kim",
        "userDefined": false
      }
    ],
    "isTemplate": false,
    "count": 0
  },
  {
    "id": "ad68492a-209a-4a6b-8519-0072485344a8",
    "data": [
      {
        "text": "kimdir",
        "userDefined": false
      }
    ],
    "isTemplate": false,
    "count": 0
  }
]