[
  {
    "id": "a927b6b3-6a88-4a20-84ff-bc37ff059315",
    "data": [
      {
        "text": "kordsa star",
        "userDefined": false
      }
    ],
    "isTemplate": false,
    "count": 0,
    "updated": 0
  },
  {
    "id": "a99c9a18-d9f2-42e8-bcb7-778977beac70",
    "data": [
      {
        "text": "big stars",
        "userDefined": false
      }
    ],
    "isTemplate": false,
    "count": 0
  },
  {
    "id": "69dabfb0-1485-46e0-80a6-69ec73f61ede",
    "data": [
      {
        "text": "stars",
        "userDefined": false
      }
    ],
    "isTemplate": false,
    "count": 0
  },
  {
    "id": "e1805ed1-b7dc-4ef0-9ed5-5e9b4c3d15e9",
    "data": [
      {
        "text": "kordsa stars",
        "userDefined": false
      }
    ],
    "isTemplate": false,
    "count": 0
  }
]