[
  {
    "id": "a71c34d4-cf68-4f6e-ad65-f7157f374117",
    "data": [
      {
        "text": "fena değil",
        "userDefined": false
      }
    ],
    "isTemplate": false,
    "count": 0,
    "updated": 0
  },
  {
    "id": "04e550b7-d717-425e-a14e-ebefdb33caae",
    "data": [
      {
        "text": "şükür koşturuyoruz ",
        "userDefined": false
      }
    ],
    "isTemplate": false,
    "count": 0,
    "updated": 0
  },
  {
    "id": "634e4603-94e9-4aee-bd42-f794edf01fa6",
    "data": [
      {
        "text": "idare eder",
        "userDefined": false
      }
    ],
    "isTemplate": false,
    "count": 1,
    "updated": 0
  },
  {
    "id": "88e5c47d-791f-4013-a59c-d3335caedb3f",
    "data": [
      {
        "text": "nolsun",
        "userDefined": false
      }
    ],
    "isTemplate": false,
    "count": 1,
    "updated": 0
  },
  {
    "id": "1eb0af55-f3bf-4d6b-8dcc-2653df5abb57",
    "data": [
      {
        "text": "aynı",
        "userDefined": false
      }
    ],
    "isTemplate": false,
    "count": 1,
    "updated": 0
  },
  {
    "id": "e9f8dc06-62b4-4856-8098-c5e76b86e8a2",
    "data": [
      {
        "text": "ben de iyiyiim",
        "userDefined": false
      }
    ],
    "isTemplate": false,
    "count": 1,
    "updated": 0
  },
  {
    "id": "09928aba-fabb-42ac-aeee-bc41e803675b",
    "data": [
      {
        "text": "iyiyim teşekkürler",
        "userDefined": false
      }
    ],
    "isTemplate": false,
    "count": 0
  },
  {
    "id": "08cc144b-6cb7-4692-a28a-37cfee96d573",
    "data": [
      {
        "text": "iyiyiim",
        "userDefined": false
      }
    ],
    "isTemplate": false,
    "count": 0
  },
  {
    "id": "76dbef68-d682-45b8-bcff-ead00cd4ab5b",
    "data": [
      {
        "text": "ben de iyiyim teşekkür ederim",
        "userDefined": false
      }
    ],
    "isTemplate": false,
    "count": 0,
    "updated": 0
  },
  {
    "id": "debabf50-4bce-45f8-9291-9ae6e460ebfa",
    "data": [
      {
        "text": "ben de iyiyim sağol",
        "userDefined": false
      }
    ],
    "isTemplate": false,
    "count": 1,
    "updated": 0
  },
  {
    "id": "e3994d42-3e06-4a15-a59a-741c4332564d",
    "data": [
      {
        "text": "Ben de iyiyim teşekkürler",
        "userDefined": false
      }
    ],
    "isTemplate": false,
    "count": 0,
    "updated": 0
  },
  {
    "id": "29fbbd97-92a8-4d80-aa7c-4ec97dc36b68",
    "data": [
      {
        "text": "iyiyim",
        "userDefined": false
      }
    ],
    "isTemplate": false,
    "count": 4
  },
  {
    "id": "da6be80c-9905-46ad-955b-0429ddb73025",
    "data": [
      {
        "text": "iyi",
        "userDefined": false
      }
    ],
    "isTemplate": false,
    "count": 2
  },
  {
    "id": "aced9cac-6e2c-4ddf-9a99-84106286ff3b",
    "data": [
      {
        "text": "iyilik",
        "userDefined": false
      }
    ],
    "isTemplate": false,
    "count": 2
  },
  {
    "id": "ad8922f1-bbe3-4522-bd6d-1d9a02feb900",
    "data": [
      {
        "text": "iyim",
        "userDefined": false
      }
    ],
    "isTemplate": false,
    "count": 1,
    "updated": 0
  },
  {
    "id": "f5c6750c-7bc7-4a68-bca4-d26adaf3601a",
    "data": [
      {
        "text": "bomba gibiyim",
        "userDefined": false
      }
    ],
    "isTemplate": false,
    "count": 5,
    "updated": 0
  },
  {
    "id": "0de97424-c096-44d0-89c3-70ac522f56b1",
    "data": [
      {
        "text": "bomba",
        "userDefined": false
      }
    ],
    "isTemplate": false,
    "count": 1,
    "updated": 0
  },
  {
    "id": "59df7c70-9643-4dfe-9601-bae4439fd4ad",
    "data": [
      {
        "text": "İyiyim",
        "userDefined": false
      }
    ],
    "isTemplate": false,
    "count": 1,
    "updated": 0
  },
  {
    "id": "5308884a-5039-434e-a4ef-c57974879813",
    "data": [
      {
        "text": "ben de iyi teşekkür",
        "userDefined": false
      }
    ],
    "isTemplate": false,
    "count": 2,
    "updated": 0
  },
  {
    "id": "6fd213ba-393a-4ed5-967b-84b8f7e5e6cf",
    "data": [
      {
        "text": "ben de iyi",
        "userDefined": false
      }
    ],
    "isTemplate": false,
    "count": 2,
    "updated": 0
  },
  {
    "id": "0e0172c1-84c9-4ea1-9981-e1e75710af9a",
    "data": [
      {
        "text": "her şey yolunda",
        "userDefined": false
      }
    ],
    "isTemplate": false,
    "count": 0
  },
  {
    "id": "79bb0f6c-7ffa-41f2-a334-e0883888ea90",
    "data": [
      {
        "text": "iyidir",
        "userDefined": false
      }
    ],
    "isTemplate": false,
    "count": 0
  }
]