[
  {
    "id": "0b2a3109-e0b0-4c96-9294-b74bb218801e",
    "data": [
      {
        "text": "ne didin",
        "userDefined": false
      }
    ],
    "isTemplate": false,
    "count": 2,
    "updated": 0
  },
  {
    "id": "5f87d8bd-fc94-45a8-a6df-064d6a4e47cb",
    "data": [
      {
        "text": "ne dedin",
        "userDefined": false
      }
    ],
    "isTemplate": false,
    "count": 2,
    "updated": 0
  },
  {
    "id": "4fc3e9ad-16fa-4153-85c7-0bc254c3ff4c",
    "data": [
      {
        "text": "nededin",
        "userDefined": false
      }
    ],
    "isTemplate": false,
    "count": 3,
    "updated": 0
  }
]