[
  {
    "id": "39089cc5-5ec3-406b-b9aa-0ba252515c19",
    "data": [
      {
        "text": "Amk",
        "userDefined": false
      }
    ],
    "isTemplate": false,
    "count": 0,
    "updated": 0
  },
  {
    "id": "77dae21c-5144-4736-b70b-fbac71169ed4",
    "data": [
      {
        "text": "Yarra yering diyom",
        "userDefined": false
      }
    ],
    "isTemplate": false,
    "count": 0,
    "updated": 0
  },
  {
    "id": "e986bdbc-e899-4cd2-b7c7-9eb3c008bdbf",
    "data": [
      {
        "text": "Az ",
        "userDefined": false
      },
      {
        "text": "pezo",
        "meta": "@sys.ignore",
        "userDefined": false
      },
      {
        "text": " degilsin ama hee",
        "userDefined": false
      }
    ],
    "isTemplate": false,
    "count": 0,
    "updated": 0
  },
  {
    "id": "9c4604ee-8714-4c38-920f-fb0f3af505c4",
    "data": [
      {
        "text": "maşşallah dil papuç kadar",
        "userDefined": false
      }
    ],
    "isTemplate": false,
    "count": 0,
    "updated": 0
  },
  {
    "id": "084beeb6-d47e-483e-b5d8-bdf91949e465",
    "data": [
      {
        "text": "şerefsiz",
        "userDefined": false
      }
    ],
    "isTemplate": false,
    "count": 0
  },
  {
    "id": "eaec29a5-73cb-4332-b108-81e709d7b11e",
    "data": [
      {
        "text": "namussuz",
        "userDefined": false
      }
    ],
    "isTemplate": false,
    "count": 0
  },
  {
    "id": "31d4fde8-b04f-4289-94b4-b984cfacee19",
    "data": [
      {
        "text": "şerro",
        "userDefined": false
      }
    ],
    "isTemplate": false,
    "count": 0
  },
  {
    "id": "f7701fb2-fcf5-44dc-bbf3-51611e4e516a",
    "data": [
      {
        "text": "pezo",
        "meta": "@sys.ignore",
        "userDefined": false
      }
    ],
    "isTemplate": false,
    "count": 0
  },
  {
    "id": "00caa6ba-d6e5-4d01-a250-3dc4bbd12d8e",
    "data": [
      {
        "text": "pezevenk",
        "userDefined": false
      }
    ],
    "isTemplate": false,
    "count": 0
  },
  {
    "id": "3f0c704a-de17-4d47-b8be-a34f85df8039",
    "data": [
      {
        "text": "anlama zaten",
        "userDefined": false
      }
    ],
    "isTemplate": false,
    "count": 0,
    "updated": 0
  },
  {
    "id": "148e4183-9cc7-4d51-8972-5f671f826e87",
    "data": [
      {
        "text": "ne selamı ya",
        "userDefined": false
      }
    ],
    "isTemplate": false,
    "count": 0,
    "updated": 0
  },
  {
    "id": "6805a726-a87f-4f2a-aab1-dbf8bdf7374c",
    "data": [
      {
        "text": "adamı delirtiyorsun jojo",
        "userDefined": false
      }
    ],
    "isTemplate": false,
    "count": 0,
    "updated": 0
  },
  {
    "id": "ac264673-6fa3-46b1-9569-dcb2293cb380",
    "data": [
      {
        "text": "joo hasta etme adamı",
        "userDefined": false
      }
    ],
    "isTemplate": false,
    "count": 0,
    "updated": 0
  },
  {
    "id": "b65ca0be-dfa5-4167-a7b1-532fb9269a6d",
    "data": [
      {
        "text": "Senin var ya",
        "userDefined": false
      }
    ],
    "isTemplate": false,
    "count": 0,
    "updated": 0
  },
  {
    "id": "f26cf9a5-27c6-4a15-b395-b94dc0f65819",
    "data": [
      {
        "text": "Ta amuga koyam ben",
        "userDefined": false
      }
    ],
    "isTemplate": false,
    "count": 0,
    "updated": 0
  },
  {
    "id": "ca131ccc-0b92-4a6f-8da6-8f6efe21add4",
    "data": [
      {
        "text": "Gerizekali misin arkadasim",
        "userDefined": false
      }
    ],
    "isTemplate": false,
    "count": 0,
    "updated": 0
  },
  {
    "id": "6c287c5c-87c3-4f7d-aa40-384ae4b3bed2",
    "data": [
      {
        "text": "Sen daha cok kucuksun",
        "userDefined": false
      }
    ],
    "isTemplate": false,
    "count": 0,
    "updated": 0
  },
  {
    "id": "c5d4a04a-1646-4263-8a1a-0e1af1510b55",
    "data": [
      {
        "text": "Anani",
        "userDefined": false
      }
    ],
    "isTemplate": false,
    "count": 0,
    "updated": 0
  },
  {
    "id": "5e1304c2-f1bb-4293-98cd-e90b00580174",
    "data": [
      {
        "text": "Allahin cezasi",
        "userDefined": false
      }
    ],
    "isTemplate": false,
    "count": 0,
    "updated": 0
  },
  {
    "id": "b9d4e780-cfcc-4a6c-86ac-90071f160c82",
    "data": [
      {
        "text": "işe yaramıyorsun",
        "userDefined": false
      }
    ],
    "isTemplate": false,
    "count": 0
  },
  {
    "id": "9d994593-8033-4687-a70f-ade15835c84e",
    "data": [
      {
        "text": "saçmalıyorsun",
        "userDefined": false
      }
    ],
    "isTemplate": false,
    "count": 0
  },
  {
    "id": "ed521a1d-724c-4455-9051-630b24cd4f01",
    "data": [
      {
        "text": "saçmalama",
        "userDefined": false
      }
    ],
    "isTemplate": false,
    "count": 0
  },
  {
    "id": "fffaabb5-adab-4531-9c9d-c6e9ea22343c",
    "data": [
      {
        "text": "yetenekli değil",
        "userDefined": false
      }
    ],
    "isTemplate": false,
    "count": 1
  },
  {
    "id": "81e90a36-efc9-45f1-b300-27c39fdc8f8d",
    "data": [
      {
        "text": "yeteneksiz",
        "userDefined": false
      }
    ],
    "isTemplate": false,
    "count": 0
  },
  {
    "id": "6f0689b4-9464-4678-b37c-24d973c8d812",
    "data": [
      {
        "text": "sik",
        "userDefined": false
      }
    ],
    "isTemplate": false,
    "count": 0
  },
  {
    "id": "c41c37b9-2878-4c23-bbcd-9d338e27ed02",
    "data": [
      {
        "text": "gerizekalı",
        "userDefined": false
      }
    ],
    "isTemplate": false,
    "count": 0
  },
  {
    "id": "b159851e-cea9-45f7-860b-55ee5dc91020",
    "data": [
      {
        "text": "deli",
        "userDefined": false
      }
    ],
    "isTemplate": false,
    "count": 0
  },
  {
    "id": "1b6b40a5-5503-44a4-a6d0-b1f62e5d68a7",
    "data": [
      {
        "text": "manyak",
        "userDefined": false
      }
    ],
    "isTemplate": false,
    "count": 0
  },
  {
    "id": "92c79c0c-1df9-4f9b-911a-a6b1bdb5ebd5",
    "data": [
      {
        "text": "mal",
        "userDefined": false
      }
    ],
    "isTemplate": false,
    "count": 0
  },
  {
    "id": "d3f568c4-6c65-4827-b506-c506fdd4d74a",
    "data": [
      {
        "text": "aptal",
        "userDefined": false
      }
    ],
    "isTemplate": false,
    "count": 3
  },
  {
    "id": "bfad4512-d079-497e-be24-f9598c1d0fe4",
    "data": [
      {
        "text": "salak",
        "userDefined": false
      }
    ],
    "isTemplate": false,
    "count": 2
  },
  {
    "id": "bf7d18b4-4c33-4a7c-bb2b-fe9bd04455fd",
    "data": [
      {
        "text": "got",
        "userDefined": false
      }
    ],
    "isTemplate": false,
    "count": 0
  },
  {
    "id": "e317a207-c079-460b-a3e2-dee494b77979",
    "data": [
      {
        "text": "bitch",
        "userDefined": false
      }
    ],
    "isTemplate": false,
    "count": 0
  },
  {
    "id": "20db2298-5aeb-489e-aca6-af04d7ea32de",
    "data": [
      {
        "text": "eğitimin biraz yavaş ilerliyor sanırım",
        "userDefined": false
      }
    ],
    "isTemplate": false,
    "count": 0,
    "updated": 0
  },
  {
    "id": "ab3436b4-a64f-4d68-bb06-b53236dbec94",
    "data": [
      {
        "text": "düzgün konuş benimle",
        "userDefined": false
      }
    ],
    "isTemplate": false,
    "count": 0,
    "updated": 0
  },
  {
    "id": "ff51e900-e371-42c7-bd80-95419d1d987e",
    "data": [
      {
        "text": "yaramıyor",
        "userDefined": false
      }
    ],
    "isTemplate": false,
    "count": 0,
    "updated": 0
  },
  {
    "id": "7179efa4-89fe-4a22-bd20-f5d0426685bf",
    "data": [
      {
        "text": "fuck",
        "userDefined": false
      }
    ],
    "isTemplate": false,
    "count": 1,
    "updated": 0
  },
  {
    "id": "e126c0aa-0245-4c2c-965c-520ce68eabab",
    "data": [
      {
        "text": "sie",
        "userDefined": false
      }
    ],
    "isTemplate": false,
    "count": 0,
    "updated": 0
  },
  {
    "id": "27bbff54-c9f1-4830-a4bd-ddf666baafc3",
    "data": [
      {
        "text": "banane",
        "userDefined": false
      }
    ],
    "isTemplate": false,
    "count": 0,
    "updated": 0
  },
  {
    "id": "a0d7c4a7-344c-498d-bb23-99b60054cf40",
    "data": [
      {
        "text": "sanane",
        "userDefined": false
      }
    ],
    "isTemplate": false,
    "count": 0,
    "updated": 0
  },
  {
    "id": "41eb68c4-f4ff-4db9-86c8-f2037ed6eb1c",
    "data": [
      {
        "text": "göt",
        "userDefined": false
      }
    ],
    "isTemplate": false,
    "count": 1,
    "updated": 0
  },
  {
    "id": "aac9afce-5c58-4b58-a7c8-48f2f3770531",
    "data": [
      {
        "text": "küstün mü",
        "userDefined": false
      }
    ],
    "isTemplate": false,
    "count": 0,
    "updated": 0
  },
  {
    "id": "bc6dda59-3f05-4394-af7b-c710b2cb0591",
    "data": [
      {
        "text": "siktir",
        "userDefined": false
      }
    ],
    "isTemplate": false,
    "count": 2
  },
  {
    "id": "494afc5a-ef3a-4a4c-abfa-93542e9cd4ff",
    "data": [
      {
        "text": "senin ben amuna goyum",
        "userDefined": false
      }
    ],
    "isTemplate": false,
    "count": 2,
    "updated": 0
  },
  {
    "id": "0dbf492d-6c86-4289-8a5f-33a8e942580e",
    "data": [
      {
        "text": "ananın..",
        "userDefined": false
      }
    ],
    "isTemplate": false,
    "count": 3,
    "updated": 0
  },
  {
    "id": "91db7181-1b04-4b2f-a3d1-9eb285eb06ad",
    "data": [
      {
        "text": "küfür",
        "userDefined": false
      }
    ],
    "isTemplate": false,
    "count": 5,
    "updated": 0
  },
  {
    "id": "82066a6d-5c3f-41fa-8ad7-3f96c97c7b29",
    "data": [
      {
        "text": "ve kendini kapat",
        "userDefined": false
      }
    ],
    "isTemplate": false,
    "count": 3,
    "updated": 0
  },
  {
    "id": "aef03485-dd43-4166-b488-eeb56e5cfe45",
    "data": [
      {
        "text": "lanet olsun dostum",
        "userDefined": false
      }
    ],
    "isTemplate": false,
    "count": 3,
    "updated": 0
  },
  {
    "id": "496b2c23-470a-4bc5-a97b-81d79529f9b6",
    "data": [
      {
        "text": "sen salak mısın",
        "userDefined": false
      }
    ],
    "isTemplate": false,
    "count": 2,
    "updated": 0
  },
  {
    "id": "65636a9b-ca2d-48ea-ac0c-660b00b5dc10",
    "data": [
      {
        "text": "akıllı değilsin",
        "userDefined": false
      }
    ],
    "isTemplate": false,
    "count": 2,
    "updated": 0
  },
  {
    "id": "a8ffd6c8-ac4e-4d9d-a2cd-869c5fed73d1",
    "data": [
      {
        "text": "yalan söyl",
        "userDefined": false
      }
    ],
    "isTemplate": false,
    "count": 1,
    "updated": 0
  },
  {
    "id": "44a256af-d846-4996-b257-8fa16dc48440",
    "data": [
      {
        "text": "yalan söylüyorsun",
        "userDefined": false
      }
    ],
    "isTemplate": false,
    "count": 1,
    "updated": 0
  },
  {
    "id": "2503b2e5-4641-4f8b-bb1c-43ad537b7a35",
    "data": [
      {
        "text": "hep aynı yalanlar",
        "userDefined": false
      }
    ],
    "isTemplate": false,
    "count": 1,
    "updated": 0
  },
  {
    "id": "d118db1a-75e1-4aa1-a5a7-4f044b4e2ea4",
    "data": [
      {
        "text": "dingil",
        "userDefined": false
      }
    ],
    "isTemplate": false,
    "count": 1
  },
  {
    "id": "db1b4033-eb27-4256-8bf2-07607004e49a",
    "data": [
      {
        "text": "göt veren",
        "userDefined": false
      }
    ],
    "isTemplate": false,
    "count": 0
  },
  {
    "id": "75bae164-81f7-48ec-9b51-3b995d53491a",
    "data": [
      {
        "text": "amcık",
        "userDefined": false
      }
    ],
    "isTemplate": false,
    "count": 0
  },
  {
    "id": "be77e7ae-7699-4977-95cd-67a590865bd7",
    "data": [
      {
        "text": "orospua",
        "userDefined": false
      }
    ],
    "isTemplate": false,
    "count": 0
  },
  {
    "id": "5d399e19-3145-41d7-a7f1-e1addf8d1dbd",
    "data": [
      {
        "text": "bok",
        "userDefined": false
      }
    ],
    "isTemplate": false,
    "count": 0
  },
  {
    "id": "eb6809fe-24ef-413a-9763-4b3016e58fa1",
    "data": [
      {
        "text": "boka",
        "userDefined": false
      }
    ],
    "isTemplate": false,
    "count": 0
  },
  {
    "id": "693856c7-b586-4984-9a8c-b68744d6204f",
    "data": [
      {
        "text": "sikerim",
        "userDefined": false
      }
    ],
    "isTemplate": false,
    "count": 1
  },
  {
    "id": "7ffcb0e9-2c85-44aa-b3b8-54fcdc29f1e4",
    "data": [
      {
        "text": "piç",
        "userDefined": false
      }
    ],
    "isTemplate": false,
    "count": 0
  },
  {
    "id": "8330a05c-d552-4ed8-9575-e8defa0c01da",
    "data": [
      {
        "text": "yalancı",
        "userDefined": false
      }
    ],
    "isTemplate": false,
    "count": 0
  }
]