[
  {
    "id": "4d7b54ed-82a6-4e9b-b263-c4b0afd8b3a8",
    "data": [
      {
        "text": "artise bak",
        "userDefined": false
      }
    ],
    "isTemplate": false,
    "count": 0,
    "updated": 0
  },
  {
    "id": "ac31a849-9f41-4caf-b5ff-8821adc72969",
    "data": [
      {
        "text": "Who are you",
        "userDefined": false
      }
    ],
    "isTemplate": false,
    "count": 0,
    "updated": 0
  },
  {
    "id": "2297345a-dcaf-4a28-bab0-34b943154e6b",
    "data": [
      {
        "text": "Kendinden bahseder misin",
        "userDefined": false
      }
    ],
    "isTemplate": false,
    "count": 0,
    "updated": 0
  },
  {
    "id": "257fe1bb-d25e-46bf-9888-478d87de575f",
    "data": [
      {
        "text": "Kendinden bahset",
        "userDefined": false
      }
    ],
    "isTemplate": false,
    "count": 0,
    "updated": 0
  },
  {
    "id": "2afa5e1d-53dc-4628-a0a9-804c13e5d756",
    "data": [
      {
        "text": "siri\u0027den ne fark",
        "userDefined": false
      }
    ],
    "isTemplate": false,
    "count": 0
  },
  {
    "id": "d89dc388-e474-40ba-9cb6-0b1482cb298b",
    "data": [
      {
        "text": "siri den ne fark",
        "userDefined": false
      }
    ],
    "isTemplate": false,
    "count": 0
  },
  {
    "id": "9b58ad33-e497-43e9-a180-dd434f9c2cff",
    "data": [
      {
        "text": "siriden ne fark",
        "userDefined": false
      }
    ],
    "isTemplate": false,
    "count": 0
  },
  {
    "id": "e1b23569-13ac-4e91-8cbb-5d7768934714",
    "data": [
      {
        "text": "sen",
        "userDefined": false
      }
    ],
    "isTemplate": false,
    "count": 1
  },
  {
    "id": "b6eb45e5-666f-4f21-85cc-d3d5699e2a93",
    "data": [
      {
        "text": "Chatbot",
        "userDefined": false
      }
    ],
    "isTemplate": false,
    "count": 0,
    "updated": 0
  },
  {
    "id": "a30c2a66-8945-4eed-a480-d182bb776672",
    "data": [
      {
        "text": "farkın ne",
        "userDefined": false
      }
    ],
    "isTemplate": false,
    "count": 0,
    "updated": 0
  },
  {
    "id": "ed3ab8bc-cc1a-49c0-9db0-d3309610b8a6",
    "data": [
      {
        "text": "Sen kimsin",
        "userDefined": false
      }
    ],
    "isTemplate": false,
    "count": 7,
    "updated": 0
  },
  {
    "id": "aba6c88d-b4ab-4b4d-b6dc-526cf2bbc43e",
    "data": [
      {
        "text": "kimsin ne?",
        "userDefined": false
      }
    ],
    "isTemplate": false,
    "count": 2,
    "updated": 0
  },
  {
    "id": "ef5ab67b-b1bb-4b9f-a8fd-e6fa3e8c03fc",
    "data": [
      {
        "text": "sen kimsiniz ki",
        "userDefined": false
      }
    ],
    "isTemplate": false,
    "count": 3,
    "updated": 0
  },
  {
    "id": "76484ce2-8350-494c-8b1b-e4152c52ba2c",
    "data": [
      {
        "text": "adın",
        "userDefined": false
      }
    ],
    "isTemplate": false,
    "count": 2
  },
  {
    "id": "6ceb3d51-f73d-4be2-b562-95209459a501",
    "data": [
      {
        "text": "kimsin",
        "userDefined": false
      }
    ],
    "isTemplate": false,
    "count": 3,
    "updated": 0
  },
  {
    "id": "90063b3d-bc08-43a4-8843-4a34c26ce618",
    "data": [
      {
        "text": "robot musun",
        "userDefined": false
      }
    ],
    "isTemplate": false,
    "count": 5,
    "updated": 0
  },
  {
    "id": "e3da205e-3f8f-4cc1-acf7-de9859b265d3",
    "data": [
      {
        "text": "kendin",
        "userDefined": false
      }
    ],
    "isTemplate": false,
    "count": 5,
    "updated": 0
  },
  {
    "id": "7e7ab032-9cc0-4d41-8efe-d4f965246ab6",
    "data": [
      {
        "text": "what is you name",
        "userDefined": false
      }
    ],
    "isTemplate": false,
    "count": 2,
    "updated": 0
  },
  {
    "id": "a47c65c9-06cf-40c8-9f0d-9fb74373a693",
    "data": [
      {
        "text": "what is your name",
        "userDefined": false
      }
    ],
    "isTemplate": false,
    "count": 2,
    "updated": 0
  },
  {
    "id": "15a20740-a92b-4427-9d16-952d11ce2313",
    "data": [
      {
        "text": "what are you ?",
        "userDefined": false
      }
    ],
    "isTemplate": false,
    "count": 2,
    "updated": 0
  },
  {
    "id": "1d7e2249-a9b7-40da-8c92-6113fbed468b",
    "data": [
      {
        "text": "nesin sen",
        "userDefined": false
      }
    ],
    "isTemplate": false,
    "count": 0
  },
  {
    "id": "95ca745a-481a-4d8c-904d-58f98f7a2fe6",
    "data": [
      {
        "text": "sen nesin",
        "userDefined": false
      }
    ],
    "isTemplate": false,
    "count": 0
  },
  {
    "id": "f1d99a54-5810-4805-935a-435a7b70087f",
    "data": [
      {
        "text": "sen nesinnesin",
        "userDefined": false
      }
    ],
    "isTemplate": false,
    "count": 0
  },
  {
    "id": "06cfe08f-8c8b-4c47-b1bc-ec2dbc6558e0",
    "data": [
      {
        "text": "ismin ne",
        "userDefined": false
      }
    ],
    "isTemplate": false,
    "count": 0
  },
  {
    "id": "abfb121c-7d46-4420-aa65-ea25b208a870",
    "data": [
      {
        "text": "İsmin nedir",
        "userDefined": false
      }
    ],
    "isTemplate": false,
    "count": 0
  },
  {
    "id": "73293d69-9ae5-4c54-9e4f-6099c4482f7b",
    "data": [
      {
        "text": "adın nedir",
        "userDefined": false
      }
    ],
    "isTemplate": false,
    "count": 0
  },
  {
    "id": "2e3dabc3-bfa8-41e4-8215-1a448f2e7c7c",
    "data": [
      {
        "text": "senin adın ne",
        "userDefined": false
      }
    ],
    "isTemplate": false,
    "count": 0
  },
  {
    "id": "11c39f4c-4682-46af-9c73-34a70a61b5b9",
    "data": [
      {
        "text": "Kimsin sen",
        "userDefined": false
      }
    ],
    "isTemplate": false,
    "count": 0
  }
]